[{"model": "contabilidad.tapa", "pk": 1, "fields": {"fecha": "2022-04-08", "cantidad": 75, "aprendiz": 6}}, {"model": "contabilidad.tapa", "pk": 2, "fields": {"fecha": "2022-04-08", "cantidad": 30, "aprendiz": 9}}, {"model": "contabilidad.tapa", "pk": 3, "fields": {"fecha": "2022-04-08", "cantidad": 45, "aprendiz": 19}}, {"model": "contabilidad.tapa", "pk": 4, "fields": {"fecha": "2022-04-08", "cantidad": 30, "aprendiz": 12}}, {"model": "contabilidad.tapa", "pk": 5, "fields": {"fecha": "2022-04-08", "cantidad": 129, "aprendiz": 18}}, {"model": "contabilidad.tapa", "pk": 6, "fields": {"fecha": "2022-04-08", "cantidad": 15, "aprendiz": 25}}, {"model": "contabilidad.tapa", "pk": 7, "fields": {"fecha": "2022-04-08", "cantidad": 21, "aprendiz": 23}}, {"model": "contabilidad.tapa", "pk": 8, "fields": {"fecha": "2022-04-08", "cantidad": 105, "aprendiz": 20}}, {"model": "contabilidad.tapa", "pk": 9, "fields": {"fecha": "2022-04-08", "cantidad": 120, "aprendiz": 24}}, {"model": "contabilidad.tapa", "pk": 10, "fields": {"fecha": "2022-04-08", "cantidad": 31, "aprendiz": 22}}, {"model": "contabilidad.tapa", "pk": 11, "fields": {"fecha": "2022-04-08", "cantidad": 30, "aprendiz": 14}}, {"model": "contabilidad.tapa", "pk": 12, "fields": {"fecha": "2022-04-08", "cantidad": 45, "aprendiz": 5}}, {"model": "contabilidad.tapa", "pk": 13, "fields": {"fecha": "2022-04-08", "cantidad": 60, "aprendiz": 4}}, {"model": "contabilidad.tapa", "pk": 14, "fields": {"fecha": "2022-04-08", "cantidad": 60, "aprendiz": 11}}, {"model": "contabilidad.tapa", "pk": 15, "fields": {"fecha": "2022-04-08", "cantidad": 15, "aprendiz": 8}}, {"model": "contabilidad.tapa", "pk": 16, "fields": {"fecha": "2022-04-08", "cantidad": 15, "aprendiz": 15}}, {"model": "contabilidad.tapa", "pk": 17, "fields": {"fecha": "2022-04-08", "cantidad": 60, "aprendiz": 13}}, {"model": "contabilidad.tapa", "pk": 19, "fields": {"fecha": "2022-04-08", "cantidad": 180, "aprendiz": 2}}, {"model": "contabilidad.tapa", "pk": 20, "fields": {"fecha": "2022-04-08", "cantidad": 120, "aprendiz": 3}}, {"model": "contabilidad.tapa", "pk": 21, "fields": {"fecha": "2022-04-08", "cantidad": 75, "aprendiz": 10}}, {"model": "contabilidad.tapa", "pk": 22, "fields": {"fecha": "2022-04-22", "cantidad": 375, "aprendiz": 12}}, {"model": "contabilidad.tapa", "pk": 23, "fields": {"fecha": "2022-04-22", "cantidad": 300, "aprendiz": 18}}, {"model": "contabilidad.tapa", "pk": 24, "fields": {"fecha": "2022-04-22", "cantidad": 552, "aprendiz": 19}}, {"model": "contabilidad.tapa", "pk": 25, "fields": {"fecha": "2022-04-22", "cantidad": 45, "aprendiz": 9}}, {"model": "contabilidad.tapa", "pk": 26, "fields": {"fecha": "2022-04-22", "cantidad": 215, "aprendiz": 6}}, {"model": "contabilidad.tapa", "pk": 27, "fields": {"fecha": "2022-04-22", "cantidad": 30, "aprendiz": 17}}, {"model": "contabilidad.tapa", "pk": 28, "fields": {"fecha": "2022-04-22", "cantidad": 30, "aprendiz": 21}}, {"model": "contabilidad.tapa", "pk": 29, "fields": {"fecha": "2022-05-26", "cantidad": 120, "aprendiz": 20}}, {"model": "contabilidad.tapa", "pk": 30, "fields": {"fecha": "2022-04-22", "cantidad": 120, "aprendiz": 14}}, {"model": "contabilidad.tapa", "pk": 31, "fields": {"fecha": "2022-04-22", "cantidad": 120, "aprendiz": 5}}, {"model": "contabilidad.tapa", "pk": 32, "fields": {"fecha": "2022-04-22", "cantidad": 53, "aprendiz": 24}}, {"model": "contabilidad.tapa", "pk": 33, "fields": {"fecha": "2022-04-22", "cantidad": 110, "aprendiz": 10}}, {"model": "contabilidad.tapa", "pk": 34, "fields": {"fecha": "2022-04-22", "cantidad": 67, "aprendiz": 3}}, {"model": "contabilidad.tapa", "pk": 35, "fields": {"fecha": "2022-04-22", "cantidad": 65, "aprendiz": 7}}, {"model": "contabilidad.tapa", "pk": 36, "fields": {"fecha": "2022-04-22", "cantidad": 65, "aprendiz": 16}}, {"model": "contabilidad.tapa", "pk": 37, "fields": {"fecha": "2022-04-22", "cantidad": 150, "aprendiz": 2}}, {"model": "contabilidad.tapa", "pk": 38, "fields": {"fecha": "2022-04-22", "cantidad": 30, "aprendiz": 4}}, {"model": "contabilidad.tapa", "pk": 39, "fields": {"fecha": "2022-04-22", "cantidad": 105, "aprendiz": 13}}, {"model": "contabilidad.tapa", "pk": 40, "fields": {"fecha": "2022-04-22", "cantidad": 30, "aprendiz": 11}}, {"model": "contabilidad.tapa", "pk": 41, "fields": {"fecha": "2022-04-22", "cantidad": 30, "aprendiz": 15}}, {"model": "contabilidad.tapa", "pk": 42, "fields": {"fecha": "2022-04-22", "cantidad": 30, "aprendiz": 8}}, {"model": "contabilidad.tapa", "pk": 43, "fields": {"fecha": "2022-04-29", "cantidad": 31, "aprendiz": 25}}, {"model": "contabilidad.tapa", "pk": 44, "fields": {"fecha": "2022-04-29", "cantidad": 210, "aprendiz": 8}}, {"model": "contabilidad.tapa", "pk": 45, "fields": {"fecha": "2022-04-29", "cantidad": 15, "aprendiz": 12}}, {"model": "contabilidad.tapa", "pk": 46, "fields": {"fecha": "2022-04-29", "cantidad": 120, "aprendiz": 19}}, {"model": "contabilidad.tapa", "pk": 47, "fields": {"fecha": "2022-04-29", "cantidad": 109, "aprendiz": 17}}, {"model": "contabilidad.tapa", "pk": 48, "fields": {"fecha": "2022-04-29", "cantidad": 605, "aprendiz": 13}}, {"model": "contabilidad.tapa", "pk": 49, "fields": {"fecha": "2022-04-29", "cantidad": 150, "aprendiz": 16}}, {"model": "contabilidad.tapa", "pk": 50, "fields": {"fecha": "2022-04-29", "cantidad": 450, "aprendiz": 2}}, {"model": "contabilidad.tapa", "pk": 51, "fields": {"fecha": "2022-04-29", "cantidad": 110, "aprendiz": 24}}, {"model": "contabilidad.tapa", "pk": 52, "fields": {"fecha": "2022-04-29", "cantidad": 30, "aprendiz": 9}}, {"model": "contabilidad.tapa", "pk": 53, "fields": {"fecha": "2022-04-29", "cantidad": 30, "aprendiz": 3}}, {"model": "contabilidad.tapa", "pk": 54, "fields": {"fecha": "2022-04-29", "cantidad": 30, "aprendiz": 26}}, {"model": "contabilidad.tapa", "pk": 55, "fields": {"fecha": "2022-04-29", "cantidad": 224, "aprendiz": 18}}, {"model": "contabilidad.tapa", "pk": 56, "fields": {"fecha": "2022-04-29", "cantidad": 120, "aprendiz": 10}}, {"model": "contabilidad.tapa", "pk": 57, "fields": {"fecha": "2022-04-29", "cantidad": 555, "aprendiz": 20}}, {"model": "contabilidad.tapa", "pk": 58, "fields": {"fecha": "2022-04-29", "cantidad": 13, "aprendiz": 6}}, {"model": "contabilidad.tapa", "pk": 59, "fields": {"fecha": "2022-04-29", "cantidad": 100, "aprendiz": 7}}, {"model": "contabilidad.tapa", "pk": 60, "fields": {"fecha": "2022-04-29", "cantidad": 76, "aprendiz": 21}}, {"model": "contabilidad.tapa", "pk": 61, "fields": {"fecha": "2022-04-29", "cantidad": 126, "aprendiz": 15}}, {"model": "contabilidad.tapa", "pk": 62, "fields": {"fecha": "2022-04-29", "cantidad": 16, "aprendiz": 14}}, {"model": "contabilidad.tapa", "pk": 63, "fields": {"fecha": "2022-04-29", "cantidad": 388, "aprendiz": 5}}, {"model": "contabilidad.tapa", "pk": 64, "fields": {"fecha": "2022-05-13", "cantidad": 151, "aprendiz": 4}}, {"model": "contabilidad.tapa", "pk": 65, "fields": {"fecha": "2022-05-13", "cantidad": 31, "aprendiz": 15}}, {"model": "contabilidad.tapa", "pk": 66, "fields": {"fecha": "2022-05-13", "cantidad": 82, "aprendiz": 11}}, {"model": "contabilidad.tapa", "pk": 67, "fields": {"fecha": "2022-05-13", "cantidad": 271, "aprendiz": 8}}, {"model": "contabilidad.tapa", "pk": 68, "fields": {"fecha": "2022-05-13", "cantidad": 81, "aprendiz": 21}}, {"model": "contabilidad.tapa", "pk": 69, "fields": {"fecha": "2022-05-13", "cantidad": 70, "aprendiz": 9}}, {"model": "contabilidad.tapa", "pk": 70, "fields": {"fecha": "2022-05-13", "cantidad": 135, "aprendiz": 19}}, {"model": "contabilidad.tapa", "pk": 71, "fields": {"fecha": "2022-05-13", "cantidad": 190, "aprendiz": 6}}, {"model": "contabilidad.tapa", "pk": 72, "fields": {"fecha": "2022-05-13", "cantidad": 127, "aprendiz": 17}}, {"model": "contabilidad.tapa", "pk": 73, "fields": {"fecha": "2022-05-16", "cantidad": 500, "aprendiz": 3}}, {"model": "contabilidad.tapa", "pk": 74, "fields": {"fecha": "2022-05-16", "cantidad": 500, "aprendiz": 2}}, {"model": "contabilidad.tapa", "pk": 75, "fields": {"fecha": "2022-05-16", "cantidad": 100, "aprendiz": 10}}, {"model": "contabilidad.tapa", "pk": 76, "fields": {"fecha": "2022-05-16", "cantidad": 25, "aprendiz": 7}}, {"model": "contabilidad.tapa", "pk": 77, "fields": {"fecha": "2022-05-16", "cantidad": 28, "aprendiz": 16}}, {"model": "contabilidad.tapa", "pk": 78, "fields": {"fecha": "2022-05-16", "cantidad": 205, "aprendiz": 12}}, {"model": "contabilidad.tapa", "pk": 79, "fields": {"fecha": "2022-05-16", "cantidad": 607, "aprendiz": 18}}, {"model": "contabilidad.tapa", "pk": 80, "fields": {"fecha": "2022-05-16", "cantidad": 181, "aprendiz": 25}}, {"model": "contabilidad.tapa", "pk": 81, "fields": {"fecha": "2022-05-16", "cantidad": 118, "aprendiz": 14}}, {"model": "contabilidad.tapa", "pk": 82, "fields": {"fecha": "2022-05-16", "cantidad": 583, "aprendiz": 20}}, {"model": "contabilidad.tapa", "pk": 83, "fields": {"fecha": "2022-05-20", "cantidad": 50, "aprendiz": 3}}, {"model": "contabilidad.tapa", "pk": 84, "fields": {"fecha": "2022-05-20", "cantidad": 160, "aprendiz": 7}}, {"model": "contabilidad.tapa", "pk": 85, "fields": {"fecha": "2022-05-20", "cantidad": 158, "aprendiz": 12}}, {"model": "contabilidad.tapa", "pk": 86, "fields": {"fecha": "2022-05-20", "cantidad": 48, "aprendiz": 8}}, {"model": "contabilidad.tapa", "pk": 87, "fields": {"fecha": "2022-05-20", "cantidad": 20, "aprendiz": 11}}, {"model": "contabilidad.tapa", "pk": 88, "fields": {"fecha": "2022-05-20", "cantidad": 136, "aprendiz": 24}}, {"model": "contabilidad.tapa", "pk": 89, "fields": {"fecha": "2022-05-20", "cantidad": 270, "aprendiz": 2}}, {"model": "contabilidad.tapa", "pk": 90, "fields": {"fecha": "2022-05-20", "cantidad": 25, "aprendiz": 9}}, {"model": "contabilidad.tapa", "pk": 91, "fields": {"fecha": "2022-05-20", "cantidad": 282, "aprendiz": 20}}, {"model": "contabilidad.tapa", "pk": 92, "fields": {"fecha": "2022-05-20", "cantidad": 200, "aprendiz": 10}}, {"model": "contabilidad.tapa", "pk": 93, "fields": {"fecha": "2022-05-20", "cantidad": 80, "aprendiz": 26}}, {"model": "contabilidad.tapa", "pk": 94, "fields": {"fecha": "2022-05-20", "cantidad": 30, "aprendiz": 15}}, {"model": "contabilidad.tapa", "pk": 95, "fields": {"fecha": "2022-05-20", "cantidad": 291, "aprendiz": 13}}, {"model": "contabilidad.tapa", "pk": 96, "fields": {"fecha": "2022-05-20", "cantidad": 190, "aprendiz": 6}}, {"model": "contabilidad.tapa", "pk": 97, "fields": {"fecha": "2022-05-20", "cantidad": 390, "aprendiz": 18}}, {"model": "contabilidad.tapa", "pk": 98, "fields": {"fecha": "2022-05-27", "cantidad": 153, "aprendiz": 13}}, {"model": "contabilidad.tapa", "pk": 99, "fields": {"fecha": "2022-05-27", "cantidad": 16, "aprendiz": 26}}, {"model": "contabilidad.tapa", "pk": 100, "fields": {"fecha": "2022-05-27", "cantidad": 120, "aprendiz": 10}}, {"model": "contabilidad.tapa", "pk": 101, "fields": {"fecha": "2022-05-27", "cantidad": 168, "aprendiz": 21}}, {"model": "contabilidad.tapa", "pk": 102, "fields": {"fecha": "2022-05-27", "cantidad": 26, "aprendiz": 3}}, {"model": "contabilidad.tapa", "pk": 103, "fields": {"fecha": "2022-05-27", "cantidad": 364, "aprendiz": 15}}, {"model": "contabilidad.tapa", "pk": 104, "fields": {"fecha": "2022-05-27", "cantidad": 410, "aprendiz": 18}}, {"model": "contabilidad.tapa", "pk": 105, "fields": {"fecha": "2022-05-27", "cantidad": 203, "aprendiz": 8}}, {"model": "contabilidad.tapa", "pk": 106, "fields": {"fecha": "2022-05-27", "cantidad": 151, "aprendiz": 12}}, {"model": "contabilidad.tapa", "pk": 107, "fields": {"fecha": "2022-05-27", "cantidad": 341, "aprendiz": 4}}, {"model": "contabilidad.tapa", "pk": 108, "fields": {"fecha": "2022-05-27", "cantidad": 129, "aprendiz": 16}}, {"model": "contabilidad.tapa", "pk": 109, "fields": {"fecha": "2022-05-27", "cantidad": 119, "aprendiz": 6}}, {"model": "contabilidad.tapa", "pk": 110, "fields": {"fecha": "2022-05-27", "cantidad": 100, "aprendiz": 2}}, {"model": "contabilidad.tapa", "pk": 111, "fields": {"fecha": "2022-05-27", "cantidad": 127, "aprendiz": 19}}, {"model": "contabilidad.tapa", "pk": 112, "fields": {"fecha": "2022-05-27", "cantidad": 308, "aprendiz": 20}}, {"model": "contabilidad.tapa", "pk": 113, "fields": {"fecha": "2022-05-27", "cantidad": 18, "aprendiz": 22}}, {"model": "contabilidad.tapa", "pk": 114, "fields": {"fecha": "2022-05-27", "cantidad": 233, "aprendiz": 17}}, {"model": "contabilidad.tapa", "pk": 115, "fields": {"fecha": "2022-05-27", "cantidad": 207, "aprendiz": 5}}, {"model": "contabilidad.tapa", "pk": 116, "fields": {"fecha": "2022-06-03", "cantidad": 306, "aprendiz": 25}}, {"model": "contabilidad.tapa", "pk": 117, "fields": {"fecha": "2022-06-03", "cantidad": 1221, "aprendiz": 20}}, {"model": "contabilidad.tapa", "pk": 118, "fields": {"fecha": "2022-06-03", "cantidad": 45, "aprendiz": 9}}, {"model": "contabilidad.tapa", "pk": 119, "fields": {"fecha": "2022-06-03", "cantidad": 158, "aprendiz": 12}}, {"model": "contabilidad.tapa", "pk": 120, "fields": {"fecha": "2022-06-03", "cantidad": 400, "aprendiz": 18}}, {"model": "contabilidad.tapa", "pk": 121, "fields": {"fecha": "2022-06-03", "cantidad": 142, "aprendiz": 17}}, {"model": "contabilidad.tapa", "pk": 122, "fields": {"fecha": "2022-06-03", "cantidad": 150, "aprendiz": 8}}, {"model": "contabilidad.tapa", "pk": 123, "fields": {"fecha": "2022-06-03", "cantidad": 15, "aprendiz": 4}}, {"model": "contabilidad.tapa", "pk": 124, "fields": {"fecha": "2022-06-03", "cantidad": 31, "aprendiz": 11}}, {"model": "contabilidad.tapa", "pk": 125, "fields": {"fecha": "2022-06-03", "cantidad": 182, "aprendiz": 13}}, {"model": "contabilidad.tapa", "pk": 126, "fields": {"fecha": "2022-06-03", "cantidad": 16, "aprendiz": 3}}, {"model": "contabilidad.tapa", "pk": 127, "fields": {"fecha": "2022-06-03", "cantidad": 170, "aprendiz": 10}}, {"model": "contabilidad.tapa", "pk": 128, "fields": {"fecha": "2022-06-03", "cantidad": 51, "aprendiz": 14}}, {"model": "contabilidad.tapa", "pk": 129, "fields": {"fecha": "2022-06-03", "cantidad": 556, "aprendiz": 19}}, {"model": "contabilidad.tapa", "pk": 130, "fields": {"fecha": "2022-06-03", "cantidad": 30, "aprendiz": 2}}, {"model": "contabilidad.tapa", "pk": 131, "fields": {"fecha": "2022-06-03", "cantidad": 15, "aprendiz": 16}}, {"model": "contabilidad.tapa", "pk": 132, "fields": {"fecha": "2022-06-03", "cantidad": 6, "aprendiz": 7}}, {"model": "contabilidad.tapa", "pk": 133, "fields": {"fecha": "2022-06-03", "cantidad": 48, "aprendiz": 6}}, {"model": "contabilidad.tapa", "pk": 134, "fields": {"fecha": "2022-06-03", "cantidad": 265, "aprendiz": 5}}]